{
    "controls": [
      {
        "name": "email",
        "label": "Enter your email",
        "value": "",
        "type": "email",
        "validators": {
          "required": true,
          "minLength": 10
        }
      },
      {
        "name": "sourceOfM",
        "label": "How did you hear about us?",
        "type": "radio",
	      "value": ["Television","Newspaper","Radio","Magazine","Word of mouth","Internet"],
        "validators": {}
      },
      {
        "name": "features",
        "label": "Have you ever purchased a product or service from our website?",
        "value": ["Yes","No"],
        "type": "radio",
        "validators": {
        }
      },
      {
        "name": "zipcode",
        "label": "Enter valid zip code for coffee farm location",
        "value": "",
        "type": "number",
        "validators": {}
      },
      {
        "name": "comments",
        "label": "Leave a comment",
        "value": "",
        "type": "textarea",
        "validators": {}
      }
    ]
  }